"The Late Late Show with James Corden", "The Late Late Show with James Corden"
"Late Night with Seth Meyers", "Late Night with Seth Meyers"
"Good Morning Britain", "Good Morning Britain"
"Breakfast", "Breakfast"
"Tee and Mo", "Tee and Mo"
"Zindagi Ki Mehek", "Zindagi Ki Mehek"
"Mitegi Lakshman Rekha", "Mitegi Lakshman Rekha"
"Lorraine", "Lorraine"
"Victoria Derbyshire", "Victoria Derbyshire"
"Olobob Top", "Olobob Top"
"Kit & Pup", "Kit & Pup"
"Neighbours", "Neighbours"
"Better Homes and Gardens", "Better Homes and Gardens"
"7 Days", "7 Days"
"Gardening Australia", "Gardening Australia"
"Yo-Kai Watch", "Yo-Kai Watch"
"Barátok közt", "Barátok közt"
"Heir Hunters", "Heir Hunters"
"Secrets and Lies", "Secrets and Lies"
"Love to the End", "Love to the End"
"Лесник", "Лесник"
"Bargain Hunt", "Bargain Hunt"
"Sunny Again Tomorrow", "Sunny Again Tomorrow"
"Angels of Death", "Angels of Death"
"Loose Women", "Loose Women"
"Orange Is the New Black", "Orange Is the New Black"
"Harukana Receive", "Harukana Receive"
"Democracy Now!", "Democracy Now!"
"Another Dirty Room", "Another Dirty Room"
"BBC News at One", "BBC News at One"
"BuzzFeed Unsolved: True Crime", "BuzzFeed Unsolved: True Crime"
"The Young Turks", "The Young Turks"
"Magyarósi Csaba", "Magyarósi Csaba"
"Roman Empire", "Roman Empire"
"Sacred Lies", "Sacred Lies"
"5 REASONS TO PICK", "5 REASONS TO PICK"
"Cupcake & Dino", "Cupcake & Dino"
"Crash Course Theater", "Crash Course Theater"
"Pamkutya Kalandok", "Pamkutya Kalandok"
"Working Buddies!", "Working Buddies!"
"Bunk'd", "Bunk'd"
"Chio's school road", "Chio's school road"
"PJ Masks", "PJ Masks"
"Puppy Dog Pals", "Puppy Dog Pals"
"Law of the Jungle", "Law of the Jungle"
"Свидетели", "Свидетели"
"Countdown", "Countdown"
"!mpossible", "!mpossible"
"Akkun to Kanojo", "Akkun to Kanojo"
"Raven's Home", "Raven's Home"
"Masamune-kun no Revenge", "Masamune-kun no Revenge"
"Такое кино", "Такое кино"
"Produce 48", "Produce 48"
"My ID is Gangnam Beauty", "My ID is Gangnam Beauty"
"I Live Alone", "I Live Alone"
"Vampirina", "Vampirina"
"Segundo Sol", "Segundo Sol"
"The £100K Drop", "The £100K Drop"
"Giver: Revenge's Giver", "Giver: Revenge's Giver"
"High Score Girl", "High Score Girl"
"Bigg Boss Tamil", "Bigg Boss Tamil"
"Bepannaah", "Bepannaah"
"Bravest Warriors", "Bravest Warriors"
"Fancy Nancy", "Fancy Nancy"
"5 News at 5", "5 News at 5"
"High Noon", "High Noon"
"Camp Camp", "Camp Camp"
"Lord of Vermilion: Guren no Ou", "Lord of Vermilion: Guren no Ou"
"Ishqbaaz", "Ishqbaaz"
"The Young and the Restless", "The Young and the Restless"
"Come Dine with Me", "Come Dine with Me"
"Beatless", "Beatless"
"Happy Sugar Life", "Happy Sugar Life"
"Disney Sjov", "Disney Sjov"
"BBC News at Six", "BBC News at Six"
"4N1K İlk Aşk", "4N1K İlk Aşk"
"Days of Our Lives", "Days of Our Lives"
"Yamishibai: Japanese Ghost Stories", "Yamishibai: Japanese Ghost Stories"
"Demain nous appartient", "Demain nous appartient"
"Grand Blue", "Grand Blue"
"The Bold and the Beautiful", "The Bold and the Beautiful"
"For Better or Worse", "For Better or Worse"
"5 News Tonight", "5 News Tonight"
"Hollyoaks", "Hollyoaks"
"Éjjel-Nappal Budapest", "Éjjel-Nappal Budapest"
"Tour de France Highlights", "Tour de France Highlights"
"Channel 4 News", "Channel 4 News"
"En Famille", "En Famille"
"The Talk", "The Talk"
"Emmerdale", "Emmerdale"
"General Hospital", "General Hospital"
"Familie", "Familie"
"Nieuwe Tijden", "Nieuwe Tijden"
"Plus belle la vie", "Plus belle la vie"
"De Slimste Mens", "De Slimste Mens"
"MotorWeek", "MotorWeek"
"Coronation Street", "Coronation Street"
"Inside the Vets", "Inside the Vets"
"Celebrity Five Go Caravanning", "Celebrity Five Go Caravanning"
"Gardeners' World", "Gardeners' World"
"The Crystal Maze", "The Crystal Maze"
"EastEnders", "EastEnders"
"Video Killed the Radio Star", "Video Killed the Radio Star"
"Stan Lee's Lucky Man", "Stan Lee's Lucky Man"
"Jane & Friends", "Jane & Friends"
"Power & Politics", "Power & Politics"
"8 Out of 10 Cats Does Countdown", "8 Out of 10 Cats Does Countdown"
"Love Island", "Love Island"
"Paixão", "Paixão"
"Highly Questionable", "Highly Questionable"
"Malhação", "Malhação"
"Jinek", "Jinek"
"Ring of Honor Wrestling", "Ring of Honor Wrestling"
"Naked News", "Naked News"
"Help! My House is Haunted", "Help! My House is Haunted"
"Soy Luna", "Soy Luna"
"BBC News at Ten", "BBC News at Ten"
"The Last Leg", "The Last Leg"
"Pardon the Interruption", "Pardon the Interruption"
"Newsnight", "Newsnight"
"Jogo Duplo", "Jogo Duplo"
"The Amazing World of Gumball", "The Amazing World of Gumball"
"PBS NewsHour", "PBS NewsHour"
"Teen Titans Go!", "Teen Titans Go!"
"The Big Narstie Show", "The Big Narstie Show"
"ABC World News Tonight with David Muir", "ABC World News Tonight with David Muir"
"Deus Salve o Rei", "Deus Salve o Rei"
"Erin Burnett OutFront", "Erin Burnett OutFront"
"The Agenda in the Summer", "The Agenda in the Summer"
"Cash Cab", "Cash Cab"
"Shark Week", "Shark Week"
"Jeopardy!", "Jeopardy!"
"Quantico", "Quantico"
"Washington Week", "Washington Week"
"Masters of Illusion", "Masters of Illusion"
"Anderson Cooper 360°", "Anderson Cooper 360°"
"Double Dare", "Double Dare"
"The Shocking Truth", "The Shocking Truth"
"All In with Chris Hayes", "All In with Chris Hayes"
"New Japan Pro Wrestling on AXS TV", "New Japan Pro Wrestling on AXS TV"
"Whistleblower", "Whistleblower"
"Dateline: Secrets Uncovered", "Dateline: Secrets Uncovered"
"Breaking Big", "Breaking Big"
"Click", "Click"
"Diners, Drive-Ins and Dives", "Diners, Drive-Ins and Dives"
"My Aloha Dream Home", "My Aloha Dream Home"
"Wynonna Earp", "Wynonna Earp"
"Ancient Aliens", "Ancient Aliens"
"Killjoys", "Killjoys"
"The Paynes", "The Paynes"
"Mama June from Not to Hot", "Mama June from Not to Hot"
"The Rachel Maddow Show", "The Rachel Maddow Show"
"Cuomo Prime Time", "Cuomo Prime Time"
"Insane Pools: Off the Deep End", "Insane Pools: Off the Deep End"
"CopyCat Killers", "CopyCat Killers"
"Cardfight!! Vanguard", "Cardfight!! Vanguard"
"Live PD", "Live PD"
"In Search Of", "In Search Of"
"The Dead Files", "The Dead Files"
"CNN Tonight with Don Lemon", "CNN Tonight with Don Lemon"
"New Japan Pro Wrestling", "New Japan Pro Wrestling"
"Wild 'N Out", "Wild 'N Out"
"The 11th Hour with Brian Williams", "The 11th Hour with Brian Williams"
"Battle Trip", "Battle Trip"
"The Late Show with Stephen Colbert", "The Late Show with Stephen Colbert"
"ZombieLars", "ZombieLars"
"Suncorp Super Netball", "Suncorp Super Netball"
"The Cul de Sac", "The Cul de Sac"
"ITV Weekend News and Weather", "ITV Weekend News and Weather"
"ZBoS", "ZBoS"
"Boku no Hero Academia", "Boku no Hero Academia"
"Detective Conan", "Detective Conan"
"Major", "Major"
"iKON's Heart Racing in Hawaii", "iKON's Heart Racing in Hawaii"
"Saturday Kitchen Live", "Saturday Kitchen Live"
"Shall We Live Together?", "Shall We Live Together?"
"Formula 1", "Formula 1"
"Goodbye to Goodbye", "Goodbye to Goodbye"
"Let Me Introduce Her", "Let Me Introduce Her"
"Mr. Sunshine", "Mr. Sunshine"
"BBC Weekend News", "BBC Weekend News"
"Ask Us Anything", "Ask Us Anything"
"Smerconish", "Smerconish"
"Life on Mars", "Life on Mars"
"Big Hero 6: The Series", "Big Hero 6: The Series"
"Elena of Avalor", "Elena of Avalor"
"DuckTales", "DuckTales"
"Mahakali – Anth hi Aarambh hai", "Mahakali – Anth hi Aarambh hai"
"The Pioneer Woman", "The Pioneer Woman"
"Trisha's Southern Kitchen", "Trisha's Southern Kitchen"
"Yuuna and the Haunted Hot Springs", "Yuuna and the Haunted Hot Springs"
"The Kitchen", "The Kitchen"
"Cells at Work!", "Cells at Work!"
"Dance Deewane", "Dance Deewane"
"Sidekick", "Sidekick"
"New Scandinavian Cooking", "New Scandinavian Cooking"
"WOS Wrestling", "WOS Wrestling"
"RWBY Chibi", "RWBY Chibi"
"The Master of Ragnarok & Blesser of Einherjar", "The Master of Ragnarok & Blesser of Einherjar"
"Kalk Gidelim", "Kalk Gidelim"
"Japandemonium", "Japandemonium"
"Sachiiro no One Room", "Sachiiro no One Room"
"Proms Extra", "Proms Extra"
"Big Star's Little Star", "Big Star's Little Star"
"A Year in the New Forest", "A Year in the New Forest"
"Fort Boyard", "Fort Boyard"
"My Family and The Galapagos", "My Family and The Galapagos"
"Who Dares Wins", "Who Dares Wins"
"Blind Date", "Blind Date"
"Casualty", "Casualty"
"Gino's Win Your Wish List", "Gino's Win Your Wish List"
"Travels in Trumpland with Ed Balls", "Travels in Trumpland with Ed Balls"
"Ревизорро. Дети", "Ревизорро. Дети"
"Chi's Sweet Home", "Chi's Sweet Home"
"Kamen Rider Series", "Kamen Rider Series"
"Layton Mystery Tanteisha: Katri no Nazotoki File", "Layton Mystery Tanteisha: Katri no Nazotoki File"
"The Filmmakers", "The Filmmakers"
"Nicky, Ricky, Dicky & Dawn", "Nicky, Ricky, Dicky & Dawn"
"Pink Collar Crimes", "Pink Collar Crimes"
"Comfort Food Tour", "Comfort Food Tour"
"The Block NZ", "The Block NZ"
"One Piece", "One Piece"
"Scandal Made Me Famous", "Scandal Made Me Famous"
"Kiratto Pri☆chan", "Kiratto Pri☆chan"
"Sex, Lies & Murder", "Sex, Lies & Murder"
"UFC Fight Night", "UFC Fight Night"
"Fear Thy Neighbor", "Fear Thy Neighbor"
"House Hunters Renovation", "House Hunters Renovation"
"Dunia: Into the New World", "Dunia: Into the New World"
"Survivor New Zealand", "Survivor New Zealand"
"The Return of Superman", "The Return of Superman"
"Sunday Brunch", "Sunday Brunch"
"Running Man", "Running Man"
"Master in the House", "Master in the House"
"MasterChef Australia", "MasterChef Australia"
"Jack Irish", "Jack Irish"
"Super Sentai", "Super Sentai"
"Rich Family's Son", "Rich Family's Son"
"Asobi Asobase", "Asobi Asobase"
"Strangers", "Strangers"
"Brat Chat", "Brat Chat"
"Gag Concert", "Gag Concert"
"CBS News Sunday Morning", "CBS News Sunday Morning"
"Meet the Press", "Meet the Press"
"Island", "Island"
"Kiss Me Again", "Kiss Me Again"
"Planet With", "Planet With"
"Close Up with the Hollywood Reporter", "Close Up with the Hollywood Reporter"
"Face the Nation", "Face the Nation"
"Girl Meets Farm", "Girl Meets Farm"
"Joshi Ochi!: 2-kai kara Onna no Ko ga... Futte kita!?", "Joshi Ochi!: 2-kai kara Onna no Ko ga... Futte kita!?"
"Hanebad!", "Hanebad!"
"Attack on Titan", "Attack on Titan"
"Gintama", "Gintama"
"Heti Napló Sváby Andrással", "Heti Napló Sváby Andrással"
"Elimi Bırakma", "Elimi Bırakma"
"The Secret Life of Puppies", "The Secret Life of Puppies"
"Chuckle Time", "Chuckle Time"
"The Dog Rescuers with Alan Davies", "The Dog Rescuers with Alan Davies"
"Funniest Ever Celebrity Moments", "Funniest Ever Celebrity Moments"
"Ranking the Stars", "Ranking the Stars"
"Galileo: Awakened Universe", "Galileo: Awakened Universe"
"Poldark", "Poldark"
"Unforgotten", "Unforgotten"
"Love Island: Aftersun", "Love Island: Aftersun"
"Snapped", "Snapped"
"Buried in the Backyard", "Buried in the Backyard"
"Food Network Star", "Food Network Star"
"Tangled: The Series", "Tangled: The Series"
"Private Eyes", "Private Eyes"
"Sr. Avila", "Sr. Avila"
"Power", "Power"
"The Pacific War in Color", "The Pacific War in Color"
"90 Day Fiancé: Happily Ever After?", "90 Day Fiancé: Happily Ever After?"
"Beachfront Bargain Hunt", "Beachfront Bargain Hunt"
"The Real Housewives of Potomac", "The Real Housewives of Potomac"
"Vet Gone Wild", "Vet Gone Wild"
"TV Novel: Waves, Waves", "TV Novel: Waves, Waves"
"Flea Market Flip", "Flea Market Flip"
"Big Brother", "Big Brother"
"The Affair", "The Affair"
"Sharp Objects", "Sharp Objects"
"An Aurora Teagarden Mystery", "An Aurora Teagarden Mystery"
"Claws", "Claws"
"The $100,000 Pyramid", "The $100,000 Pyramid"
"Caribbean Life", "Caribbean Life"
"Barnwood Builders", "Barnwood Builders"
"Carnival Eats", "Carnival Eats"
"Autopsy: The Last Hours Of...", "Autopsy: The Last Hours Of..."
"Extinct or Alive", "Extinct or Alive"
"The 2000s", "The 2000s"
"Total Bellas", "Total Bellas"
"Something's Killing Me", "Something's Killing Me"
"Shades of Blue", "Shades of Blue"
"Succession", "Succession"
"Preacher", "Preacher"
"Hawaii Life", "Hawaii Life"
"Comedy Central Roasts", "Comedy Central Roasts"
"Bar Rescue", "Bar Rescue"
"The History of Comedy", "The History of Comedy"
"Who Is America?", "Who Is America?"
"Very Cavallari", "Very Cavallari"
"On the Case with Paula Zahn", "On the Case with Paula Zahn"
"Breaking the Band", "Breaking the Band"
"These Woods Are Haunted", "These Woods Are Haunted"
"To Tell the Truth", "To Tell the Truth"
"Our Cartoon President", "Our Cartoon President"
"Last Week Tonight with John Oliver", "Last Week Tonight with John Oliver"
"NCT Life", "NCT Life"
"Watch What Happens Live", "Watch What Happens Live"
"Jeff Ross Presents Roast Battle", "Jeff Ross Presents Roast Battle"
"Legend of Yun Xi", "Legend of Yun Xi"
"Highway Cops", "Highway Cops"
"Westside", "Westside"
"Новый человек", "Новый человек"
"House Rules", "House Rules"
"Back Roads", "Back Roads"
"Have You Been Paying Attention?", "Have You Been Paying Attention?"
"Four Corners", "Four Corners"
"Marvel's Spider-Man", "Marvel's Spider-Man"
"We Bare Bears", "We Bare Bears"
"Media Watch", "Media Watch"
"Q&A", "Q&A"
"Baki", "Baki"
"Деньги или Позор", "Деньги или Позор"
"Absolute Zero", "Absolute Zero"
"Let's Eat", "Let's Eat"
"Тайны города Эн", "Тайны города Эн"
"Are You Human Too?", "Are You Human Too?"
"Yama no Susume", "Yama no Susume"
"Risky Romance", "Risky Romance"
"Thirty But Seventeen", "Thirty But Seventeen"
"Kakuriyo no Yadomeshi", "Kakuriyo no Yadomeshi"
"Big City Greens", "Big City Greens"
"Life", "Life"
"The Destiny of White Snake", "The Destiny of White Snake"
"Dropkick on My Devil!!", "Dropkick on My Devil!!"
"Aguu: Genius Dolls", "Aguu: Genius Dolls"
"Sun, Sea and Selling Houses", "Sun, Sea and Selling Houses"
"MECH-X4", "MECH-X4"
"Junk Rescue", "Junk Rescue"
"Phantom in the Twilight", "Phantom in the Twilight"
"Atop the Fourth Wall", "Atop the Fourth Wall"
"Legend of Fu Yao", "Legend of Fu Yao"
"Rest in Power: The Trayvon Martin Story", "Rest in Power: The Trayvon Martin Story"
"Captain Tsubasa", "Captain Tsubasa"
"Ege'nin Hamsisi", "Ege'nin Hamsisi"
"Anna", "Anna"
"Our Lives", "Our Lives"
"Police Interceptors", "Police Interceptors"
"Nadiya's Family Favourites", "Nadiya's Family Favourites"
"Dispatches", "Dispatches"
"Give It a Year", "Give It a Year"
"Projekt Lady", "Projekt Lady"
"How to Get Rich Quick", "How to Get Rich Quick"
"Panorama", "Panorama"
"The Next Step", "The Next Step"
"The Bermuda Triangle Revealed", "The Bermuda Triangle Revealed"
"Helicopter ER", "Helicopter ER"
"Our Guy in Russia", "Our Guy in Russia"
"Who Do You Think You Are?", "Who Do You Think You Are?"
"The Loud House", "The Loud House"
"Katie Price: My Crazy Life", "Katie Price: My Crazy Life"
"Gangland", "Gangland"
"Andi Mack", "Andi Mack"
"The Price of Duty", "The Price of Duty"
"WWE Monday Night RAW", "WWE Monday Night RAW"
"American Ninja Warrior", "American Ninja Warrior"
"So You Think You Can Dance", "So You Think You Can Dance"
"Penn & Teller: Fool Us", "Penn & Teller: Fool Us"
"Southern Charm", "Southern Charm"
"Love & Hip Hop Hollywood", "Love & Hip Hop Hollywood"
"Mack Chat", "Mack Chat"
"Mountain Life", "Mountain Life"
"Dietland", "Dietland"
"Southern and Hungry", "Southern and Hungry"
"Fatal Attraction", "Fatal Attraction"
"Counting On", "Counting On"
"Salvation", "Salvation"
"Live PD Presents: Women On Patrol", "Live PD Presents: Women On Patrol"
"The Real Housewives of Orange County", "The Real Housewives of Orange County"
"Man v. Food", "Man v. Food"
"Teen Mom 2", "Teen Mom 2"
"Whose Line Is It Anyway?", "Whose Line Is It Anyway?"
"Basketball Wives", "Basketball Wives"
"Drain the Oceans", "Drain the Oceans"
"American Pickers", "American Pickers"
"Street Outlaws", "Street Outlaws"
"Love It or List It", "Love It or List It"
"In the Cut", "In the Cut"
"POV", "POV"
"Ridiculous Cakes", "Ridiculous Cakes"
"Unapologetic with Aisha Tyler", "Unapologetic with Aisha Tyler"
"Escaping Polygamy", "Escaping Polygamy"
"Elementary", "Elementary"
"ATL Homicide", "ATL Homicide"
"Deadly Rich", "Deadly Rich"
"Southern Charm Savannah", "Southern Charm Savannah"
"Diesel Brothers", "Diesel Brothers"
"The Real Story with Maria Elena Salinas", "The Real Story with Maria Elena Salinas"
"Floribama Shore", "Floribama Shore"
"The Daily Show with Trevor Noah", "The Daily Show with Trevor Noah"
"The Tonight Show Starring Jimmy Fallon", "The Tonight Show Starring Jimmy Fallon"
"Idol Room", "Idol Room"
"Black Clover", "Black Clover"
"Foreign Correspondent", "Foreign Correspondent"
"Outback Truckers", "Outback Truckers"
"Wentworth", "Wentworth"
"War on Waste", "War on Waste"
"Interview", "Interview"
"A Girl Named Jo", "A Girl Named Jo"
"Terrace House: Opening New Doors", "Terrace House: Opening New Doors"
"Kenko de Bunkatekina Saiteigendo no Seikatsu", "Kenko de Bunkatekina Saiteigendo no Seikatsu"
"Overlord", "Overlord"
"Hello Counselor", "Hello Counselor"
"Bizaardvark", "Bizaardvark"
"Casual", "Casual"
"Dana White's Tuesday Night Contender Series", "Dana White's Tuesday Night Contender Series"
"Back Street Girls", "Back Street Girls"
"No Passport Required", "No Passport Required"
"Shine On with Reese", "Shine On with Reese"
"Chuukan Kanriroku Tonegawa", "Chuukan Kanriroku Tonegawa"
"Erkenci Kuş", "Erkenci Kuş"
"The Viking Dead", "The Viking Dead"
"Ackley Bridge", "Ackley Bridge"
"Holby City", "Holby City"
"Inside the Factory", "Inside the Factory"
"River City", "River City"
"I Am a Killer", "I Am a Killer"
"999: What's Your Emergency?", "999: What's Your Emergency?"
"Age Before Beauty", "Age Before Beauty"
"Mark Kermode's Secrets of Cinema", "Mark Kermode's Secrets of Cinema"
"Mega Shippers", "Mega Shippers"
"The Five Billion Pound Super Sewer", "The Five Billion Pound Super Sewer"
"Geordie Shore", "Geordie Shore"
"The South Bank Show Originals", "The South Bank Show Originals"
"The Amazing Race Canada", "The Amazing Race Canada"
"Random Acts", "Random Acts"
"The 100", "The 100"
"Post Radical", "Post Radical"
"Undeniable with Joe Buck", "Undeniable with Joe Buck"
"The Bold Type", "The Bold Type"
"WWE SmackDown Live", "WWE SmackDown Live"
"America's Got Talent", "America's Got Talent"
"Beat Shazam", "Beat Shazam"
"We're the Campbells", "We're the Campbells"
"Deadliest Catch: The Bait", "Deadliest Catch: The Bait"
"Animal Kingdom", "Animal Kingdom"
"The Outpost", "The Outpost"
"Burgers, Brew & 'Que", "Burgers, Brew & 'Que"
"Love Connection", "Love Connection"
"Chopped Grill Masters", "Chopped Grill Masters"
"Forged in Fire", "Forged in Fire"
"Видеокалендарь Seasonvar", "Видеокалендарь Seasonvar"
"Face Off", "Face Off"
"Bizarre Foods with Andrew Zimmern", "Bizarre Foods with Andrew Zimmern"
"The Challenge", "The Challenge"
"Deadliest Catch", "Deadliest Catch"
"Murder Comes to Town", "Murder Comes to Town"
"Outdaughtered", "Outdaughtered"
"King of the Road", "King of the Road"
"Married at First Sight", "Married at First Sight"
"Below Deck Mediterranean", "Below Deck Mediterranean"
"MasterChef Brasil", "MasterChef Brasil"
"Desert Flippers", "Desert Flippers"
"The Voice Brasil", "The Voice Brasil"
"Hack My Life", "Hack My Life"
"Making It", "Making It"
"205 Live", "205 Live"
"Seven Year Switch", "Seven Year Switch"
"Frontline", "Frontline"
"Miz and Mrs", "Miz and Mrs"
"Hit the Floor", "Hit the Floor"
"The Profit", "The Profit"
"Counting Cars", "Counting Cars"
"Paid Off with Michael Torpey", "Paid Off with Michael Torpey"
"Younger", "Younger"
"Hard to Kill", "Hard to Kill"
"Born Behind Bars", "Born Behind Bars"
"Hidden Potential", "Hidden Potential"
"Million Dollar Listing: New York", "Million Dollar Listing: New York"
"Chasing Classic Cars", "Chasing Classic Cars"
"Teachers", "Teachers"
"Chrisley Knows Best", "Chrisley Knows Best"
"F*ck That's Delicious", "F*ck That's Delicious"
"Shinya! Tensai Bakabon", "Shinya! Tensai Bakabon"
"Wellington Paranormal", "Wellington Paranormal"
"Live from the BBC", "Live from the BBC"
"Weekly Idol", "Weekly Idol"
"Yu-Gi-Oh! VRAINS", "Yu-Gi-Oh! VRAINS"
"Australian Survivor", "Australian Survivor"
"Neko Neko Nihonshi", "Neko Neko Nihonshi"
"Anh's Brush with Fame", "Anh's Brush with Fame"
"The Weekly with Charlie Pickering", "The Weekly with Charlie Pickering"
"You Can't Ask That", "You Can't Ask That"
"Dead Lucky", "Dead Lucky"
"Last Hope", "Last Hope"
"Hotel Du Loone", "Hotel Du Loone"
"Escape the Night", "Escape the Night"
"Heathers", "Heathers"
"Switched", "Switched"
"Familiar Wife", "Familiar Wife"
"Time", "Time"
"Your House Helper", "Your House Helper"
"Your Honor", "Your Honor"
"Witch's Love", "Witch's Love"
"Free!", "Free!"
"Castle Rock", "Castle Rock"
"Deadly Dinosaurs", "Deadly Dinosaurs"
"Steins;Gate 0", "Steins;Gate 0"
"Nefes Nefese", "Nefes Nefese"
"Masum Değiliz", "Masum Değiliz"
"Dinner Date", "Dinner Date"
"Animals Behaving Badly", "Animals Behaving Badly"
"Live Well for Longer", "Live Well for Longer"
"The Bletchley Circle: San Francisco", "The Bletchley Circle: San Francisco"
"24 Hours in A&E", "24 Hours in A&E"
"The Real Marigold Hotel", "The Real Marigold Hotel"
"Stath Lets Flats", "Stath Lets Flats"
"CelebAbility", "CelebAbility"
"Comedy Central at the Comedy Store", "Comedy Central at the Comedy Store"
"Wallykazam!", "Wallykazam!"
"Alone Together", "Alone Together"
"World of Dance", "World of Dance"
"Lucha Underground", "Lucha Underground"
"MasterChef", "MasterChef"
"WWE NXT", "WWE NXT"
"My 600-Lb. Life", "My 600-Lb. Life"
"Black Ink Crew: Chicago", "Black Ink Crew: Chicago"
"The Originals", "The Originals"
"The Real Housewives of New York City", "The Real Housewives of New York City"
"Rehab Addict", "Rehab Addict"
"Ozzy & Jack's World Detour", "Ozzy & Jack's World Detour"
"Man Fire Food", "Man Fire Food"
"Guy's Grocery Games", "Guy's Grocery Games"
"Suits", "Suits"
"TKO: Total Knock Out", "TKO: Total Knock Out"
"Misfit Garage", "Misfit Garage"
"Property Brothers: Buying + Selling", "Property Brothers: Buying + Selling"
"Mysteries at the Museum", "Mysteries at the Museum"
"Gangsters: Americas Most Evil", "Gangsters: Americas Most Evil"
"Catfish: The TV Show", "Catfish: The TV Show"
"Tattoo Age", "Tattoo Age"
"Reverie", "Reverie"
"SIX", "SIX"
"The Sinner", "The Sinner"
"Condor", "Condor"
"Yellowstone", "Yellowstone"
"Bobcat Goldthwait's Misfits & Monsters", "Bobcat Goldthwait's Misfits & Monsters"
"Wahlburgers", "Wahlburgers"
"Hollywood Love Story", "Hollywood Love Story"
"Garage Rehab", "Garage Rehab"
"Seatbelt Psychic", "Seatbelt Psychic"
"Reasonable Doubt", "Reasonable Doubt"
"Queen Sugar", "Queen Sugar"
"Catfish: Trolls", "Catfish: Trolls"
"Impractical Jokers: Inside Jokes", "Impractical Jokers: Inside Jokes"
"Full Frontal with Samantha Bee", "Full Frontal with Samantha Bee"
"Flipping Virgins", "Flipping Virgins"
"Sammy J", "Sammy J"
"Cuckoo", "Cuckoo"
"Aussie Gold Hunters", "Aussie Gold Hunters"
"Driving Test", "Driving Test"
"Sommar med Ernst", "Sommar med Ernst"
"Boruto: Naruto Next Generations", "Boruto: Naruto Next Generations"
"Critical Role", "Critical Role"
"Miss Caretaker of Sunohara-sou", "Miss Caretaker of Sunohara-sou"
"How Not to Summon a Demon Lord", "How Not to Summon a Demon Lord"
"Tóth János", "Tóth János"
"Good Doctor", "Good Doctor"
"Tenrou: Sirius the Jaeger", "Tenrou: Sirius the Jaeger"
"Super TV", "Super TV"
"DC Super Hero Girls", "DC Super Hero Girls"
"Banana Fish", "Banana Fish"
"Strange Angel", "Strange Angel"
"Blue Peter", "Blue Peter"
"Seven Senses of the Re'Union", "Seven Senses of the Re'Union"
"Survivor South Africa", "Survivor South Africa"
"Secrets d'Histoire", "Secrets d'Histoire"
"Forbidden History", "Forbidden History"
"George Clarke's Old House, New Home", "George Clarke's Old House, New Home"
"Most Ridiculous...", "Most Ridiculous..."
"The Directors", "The Directors"
"Eamonn and Ruth: How the Other Half Lives", "Eamonn and Ruth: How the Other Half Lives"
"Prison", "Prison"
"The Prosecutors", "The Prosecutors"
"John Bishop: In Conversation With...", "John Bishop: In Conversation With..."
"Keith Lemon: Coming in America", "Keith Lemon: Coming in America"
"Sick Note", "Sick Note"
"Golf: Women's British Open", "Golf: Women's British Open"
"Marvel's Cloak & Dagger", "Marvel's Cloak & Dagger"
"Shahs of Sunset", "Shahs of Sunset"
"The Four: Battle for Stardom", "The Four: Battle for Stardom"
"iMPACT Wrestling", "iMPACT Wrestling"
"Unplugged Nation", "Unplugged Nation"
"Queen of the South", "Queen of the South"
"По сезону. Видеодайджест Seasonvar", "По сезону. Видеодайджест Seasonvar"
"The Great Food Truck Race", "The Great Food Truck Race"
"Mountain Men", "Mountain Men"
"Carnival Kings", "Carnival Kings"
"Live PD: Police Patrol", "Live PD: Police Patrol"
"Flip or Flop", "Flip or Flop"
"The Perfect Murder", "The Perfect Murder"
"Growing Up Hip Hop", "Growing Up Hip Hop"
"Bringing Up Bates", "Bringing Up Bates"
"Love Yurts", "Love Yurts"
"Dallas Cowboys Cheerleaders: Making the Team", "Dallas Cowboys Cheerleaders: Making the Team"
"Snowfall", "Snowfall"
"Take Two", "Take Two"
"Shooter", "Shooter"
"American Woman", "American Woman"
"Impractical Jokers", "Impractical Jokers"
"Jay Leno's Garage", "Jay Leno's Garage"
"Alone", "Alone"
"Beat Bobby Flay", "Beat Bobby Flay"
"Seaside Snacks & Shacks", "Seaside Snacks & Shacks"
"Live PD Presents: PD Cam", "Live PD Presents: PD Cam"
"Grand Hustle", "Grand Hustle"
"Detroiters", "Detroiters"
"Lip Sync Battle", "Lip Sync Battle"
"Muhyo & Roji's Bureau of Supernatural Investigation", "Muhyo & Roji's Bureau of Supernatural Investigation"
"Mickey and the Roadster Racers", "Mickey and the Roadster Racers"
"VICE", "VICE"
"BattleBots", "BattleBots"
"Cooper's Treasure", "Cooper's Treasure"
"Real Time with Bill Maher", "Real Time with Bill Maher"
"David Tutera's CELEBrations", "David Tutera's CELEBrations"
"Kevin Hart Presents: The Next Level", "Kevin Hart Presents: The Next Level"
"Animals.", "Animals."
"Всё, кроме обычного", "Всё, кроме обычного"
"My Tee", "My Tee"
"EVOLVE", "EVOLVE"
"EFL on Quest", "EFL on Quest"
"Cold Justice", "Cold Justice"
"UFC PPV Events", "UFC PPV Events"
"Street Smart", "Street Smart"
"Beachfront Bargain Hunt: Renovation", "Beachfront Bargain Hunt: Renovation"
"Középsuli", "Középsuli"
"Match of the Day", "Match of the Day"
"Ultimate Summer Cook-Off", "Ultimate Summer Cook-Off"
"Celebrity Family Feud", "Celebrity Family Feud"
"90 Day Fiancé: Before the 90 Days", "90 Day Fiancé: Before the 90 Days"
"Ridiculousness", "Ridiculousness"
"Garage Sale Mystery", "Garage Sale Mystery"
"Chesapeake Shores", "Chesapeake Shores"
"Keeping Up with the Kardashians", "Keeping Up with the Kardashians"
"Talking Dead", "Talking Dead"
"The Venture Bros.", "The Venture Bros."
"Miraculous LadyBug", "Miraculous LadyBug"
"Australian Story", "Australian Story"
"True Love or True Lies?", "True Love or True Lies?"
"The Bachelorette", "The Bachelorette"
"Better Call Saul", "Better Call Saul"
"Kids Baking Championship", "Kids Baking Championship"
"Feherty", "Feherty"
"Mi marido tiene familia", "Mi marido tiene familia"
"Lodge 49", "Lodge 49"
"Reality Cupcakes", "Reality Cupcakes"
"Bachelor in Paradise", "Bachelor in Paradise"
"Hard Knocks", "Hard Knocks"
"Castaways", "Castaways"
"Wrecked", "Wrecked"
